{
    "train": {
        "MAE": 0.0004405234895253038,
        "RMSE": 0.0033295959278049295,
        "R2": 0.9996995636751608
    },
    "test": {
        "MAE": 0.05548962531721153,
        "RMSE": 0.09978906389978076,
        "R2": 0.6926301101458199
    }
}