{
    "train": {
        "MAE": 0.14403366550002825,
        "RMSE": 0.19209466848480525,
        "R2": 0.0
    },
    "test": {
        "MAE": 0.13805665167960998,
        "RMSE": 0.18029198031001403,
        "R2": -0.0033402673366336177
    }
}