{
    "train": {
        "MAE": 0.018373183658120143,
        "RMSE": 0.03156248794621889,
        "R2": 0.9730032281383483
    },
    "test": {
        "MAE": 0.04445048914550146,
        "RMSE": 0.07871210332438192,
        "R2": 0.8087601212989198
    }
}