{
    "train": {
        "MAE": 0.06370639524602074,
        "RMSE": 0.09589015982821764,
        "R2": 0.7508175438351637
    },
    "test": {
        "MAE": 0.060958480852482205,
        "RMSE": 0.08985071896435493,
        "R2": 0.7508054514099887
    }
}