{
    "train": {
        "MAE": 0.017009326439856295,
        "RMSE": 0.025412044999262726,
        "R2": 0.9824995744759991
    },
    "test": {
        "MAE": 0.045577716441257105,
        "RMSE": 0.08243007507572794,
        "R2": 0.7902669777691068
    }
}